,mean_fit_time,std_fit_time,mean_score_time,std_score_time,param_act,param_decay,param_dropout,param_epochs,param_l1,param_l2,param_lr,param_nl1,param_nl2,param_nl3,param_nn1,param_nn2,param_nn3,params,split0_test_score,split1_test_score,split2_test_score,mean_test_score,std_test_score,rank_test_score
0,2.1800644397735596,0.2957300211027244,0.11297694842020671,0.013478793091348567,relu,1e-06,0,3,0,0,0.01,0,0,0,12,11,10,"{'act': 'relu', 'decay': 1e-06, 'dropout': 0, 'epochs': 3, 'l1': 0, 'l2': 0, 'lr': 0.01, 'nl1': 0, 'nl2': 0, 'nl3': 0, 'nn1': 12, 'nn2': 11, 'nn3': 10}",-0.5118829981718465,-0.5447897623400365,-0.5919487648673376,-0.549527583053947,0.032855543333887544,7
1,2.2859156131744385,0.22800106614216858,0.14161101977030435,0.037714877679186944,relu,1e-06,0,3,0,0,0.01,0,0,0,12,8,10,"{'act': 'relu', 'decay': 1e-06, 'dropout': 0, 'epochs': 3, 'l1': 0, 'l2': 0, 'lr': 0.01, 'nl1': 0, 'nl2': 0, 'nl3': 0, 'nn1': 12, 'nn2': 8, 'nn3': 10}",-0.5210237659963437,-0.5685557586837294,-0.5690759377859104,-0.5528802194452911,0.02253206424211105,13
2,2.4111201763153076,0.25313531936998473,0.1608273188273112,0.014589305382277418,relu,1e-06,0,3,0,0,0.01,0,1,0,12,11,10,"{'act': 'relu', 'decay': 1e-06, 'dropout': 0, 'epochs': 3, 'l1': 0, 'l2': 0, 'lr': 0.01, 'nl1': 0, 'nl2': 1, 'nl3': 0, 'nn1': 12, 'nn2': 11, 'nn3': 10}",-0.5639853747714808,-0.5447897623400365,-0.5645013723696248,-0.5577567814690643,0.009173581795977208,18
3,2.6880242824554443,0.16737046105602466,0.12207738558451335,0.01256071580504847,relu,1e-06,0,3,0,0,0.01,0,1,0,12,8,10,"{'act': 'relu', 'decay': 1e-06, 'dropout': 0, 'epochs': 3, 'l1': 0, 'l2': 0, 'lr': 0.01, 'nl1': 0, 'nl2': 1, 'nl3': 0, 'nn1': 12, 'nn2': 8, 'nn3': 10}",-0.5274223034734917,-0.5575868372943327,-0.5507776761207686,-0.5452605912831454,0.01291902751134364,3
4,2.3564767042795816,0.10936142375267795,0.13139756520589194,0.04111354398853792,relu,1e-06,0,3,0,0,1e-05,0,0,0,12,11,10,"{'act': 'relu', 'decay': 1e-06, 'dropout': 0, 'epochs': 3, 'l1': 0, 'l2': 0, 'lr': 1e-05, 'nl1': 0, 'nl2': 0, 'nl3': 0, 'nn1': 12, 'nn2': 11, 'nn3': 10}",-2.0685557586837295,-1.240402193784278,-2.477584629460201,-1.9286802804023164,0.5146372655616955,116
5,1.9907550811767578,0.0911589886300629,0.13321050008138022,0.027050634187611063,relu,1e-06,0,3,0,0,1e-05,0,0,0,12,8,10,"{'act': 'relu', 'decay': 1e-06, 'dropout': 0, 'epochs': 3, 'l1': 0, 'l2': 0, 'lr': 1e-05, 'nl1': 0, 'nl2': 0, 'nl3': 0, 'nn1': 12, 'nn2': 8, 'nn3': 10}",-1.186471663619744,-1.8912248628884827,-2.815187557182068,-1.9640353550746723,0.6668610585831638,117
6,2.728049119313558,0.192772456686043,0.16991432507832846,0.04584902730981047,relu,1e-06,0,3,0,0,1e-05,0,1,0,12,11,10,"{'act': 'relu', 'decay': 1e-06, 'dropout': 0, 'epochs': 3, 'l1': 0, 'l2': 0, 'lr': 1e-05, 'nl1': 0, 'nl2': 1, 'nl3': 0, 'nn1': 12, 'nn2': 11, 'nn3': 10}",-1.2678244972577697,-0.6471663619744058,-1.212259835315645,-1.04236513258153,0.28043044500022524,68
7,2.791193644205729,0.18840811376092553,0.16605726877848306,0.036162132969719284,relu,1e-06,0,3,0,0,1e-05,0,1,0,12,8,10,"{'act': 'relu', 'decay': 1e-06, 'dropout': 0, 'epochs': 3, 'l1': 0, 'l2': 0, 'lr': 1e-05, 'nl1': 0, 'nl2': 1, 'nl3': 0, 'nn1': 12, 'nn2': 8, 'nn3': 10}",-1.3053016453382085,-0.9058500914076782,-2.859103385178408,-1.6897287412374276,0.842434124249577,97
8,2.057608683904012,0.14781521533837536,0.14674162864685059,0.040863287319303776,relu,1e-06,0,3,0,0.001,0.01,0,0,0,12,11,10,"{'act': 'relu', 'decay': 1e-06, 'dropout': 0, 'epochs': 3, 'l1': 0, 'l2': 0.001, 'lr': 0.01, 'nl1': 0, 'nl2': 0, 'nl3': 0, 'nn1': 12, 'nn2': 11, 'nn3': 10}",-0.5219378427787934,-0.5438756855575868,-0.57548032936871,-0.5470893020420603,0.02197482101342857,4
9,2.4125261306762695,0.24744539866047854,0.16563177108764648,0.030958575325248972,relu,1e-06,0,3,0,0.001,0.01,0,0,0,12,8,10,"{'act': 'relu', 'decay': 1e-06, 'dropout': 0, 'epochs': 3, 'l1': 0, 'l2': 0.001, 'lr': 0.01, 'nl1': 0, 'nl2': 0, 'nl3': 0, 'nn1': 12, 'nn2': 8, 'nn3': 10}",-0.5109689213893968,-0.546617915904936,-0.5663311985361391,-0.5412983846388296,0.022910860107391396,1
10,3.024233818054199,0.27730216936774343,0.15526334444681802,0.0059544544257151815,relu,1e-06,0,3,0,0.001,0.01,0,1,0,12,11,10,"{'act': 'relu', 'decay': 1e-06, 'dropout': 0, 'epochs': 3, 'l1': 0, 'l2': 0.001, 'lr': 0.01, 'nl1': 0, 'nl2': 1, 'nl3': 0, 'nn1': 12, 'nn2': 11, 'nn3': 10}",-0.5310786106032906,-0.5603290676416819,-0.5617566331198536,-0.5510515086863761,0.014138215448987551,8
11,2.795602560043335,0.21064598542735832,0.21234917640686035,0.05116031764380123,relu,1e-06,0,3,0,0.001,0.01,0,1,0,12,8,10,"{'act': 'relu', 'decay': 1e-06, 'dropout': 0, 'epochs': 3, 'l1': 0, 'l2': 0.001, 'lr': 0.01, 'nl1': 0, 'nl2': 1, 'nl3': 0, 'nn1': 12, 'nn2': 8, 'nn3': 10}",-0.5255941499085923,-0.5776965265082267,-0.576395242451967,-0.5598902773544651,0.024262383888180288,21
12,2.33374293645223,0.17944730927386648,0.15442840258280435,0.028912233579544543,relu,1e-06,0,3,0,0.001,1e-05,0,0,0,12,11,10,"{'act': 'relu', 'decay': 1e-06, 'dropout': 0, 'epochs': 3, 'l1': 0, 'l2': 0.001, 'lr': 1e-05, 'nl1': 0, 'nl2': 0, 'nl3': 0, 'nn1': 12, 'nn2': 11, 'nn3': 10}",-2.7678244972577697,-2.7614259597806217,-0.970722781335773,-2.1670222493142335,0.8455288000487797,123
13,2.1467157999674478,0.08795574660423823,0.14657513300577799,0.0464773221446328,relu,1e-06,0,3,0,0.001,1e-05,0,0,0,12,8,10,"{'act': 'relu', 'decay': 1e-06, 'dropout': 0, 'epochs': 3, 'l1': 0, 'l2': 0.001, 'lr': 1e-05, 'nl1': 0, 'nl2': 0, 'nl3': 0, 'nn1': 12, 'nn2': 8, 'nn3': 10}",-1.6042047531992687,-2.6243144424131626,-1.0054894784995425,-1.7448948491313623,0.6682817043272783,103
14,2.797435919443766,0.22259076161160601,0.16941181818644205,0.03788424465002808,relu,1e-06,0,3,0,0.001,1e-05,0,1,0,12,11,10,"{'act': 'relu', 'decay': 1e-06, 'dropout': 0, 'epochs': 3, 'l1': 0, 'l2': 0.001, 'lr': 1e-05, 'nl1': 0, 'nl2': 1, 'nl3': 0, 'nn1': 12, 'nn2': 11, 'nn3': 10}",-0.9835466179159049,-1.7084095063985374,-0.7886550777676121,-1.1603169765315453,0.3957282861707105,72
15,3.1266514460245767,0.4596304613257991,0.24446376164754233,0.014031186449049453,relu,1e-06,0,3,0,0.001,1e-05,0,1,0,12,8,10,"{'act': 'relu', 'decay': 1e-06, 'dropout': 0, 'epochs': 3, 'l1': 0, 'l2': 0.001, 'lr': 1e-05, 'nl1': 0, 'nl2': 1, 'nl3': 0, 'nn1': 12, 'nn2': 8, 'nn3': 10}",-1.20018281535649,-0.6380255941499086,-2.5260750228728273,-1.4544346235903687,0.791434065744013,84
16,2.305703639984131,0.11678025313735976,0.12486926714579265,0.02907733439807794,relu,1e-06,0,3,0.001,0,0.01,0,0,0,12,11,10,"{'act': 'relu', 'decay': 1e-06, 'dropout': 0, 'epochs': 3, 'l1': 0.001, 'l2': 0, 'lr': 0.01, 'nl1': 0, 'nl2': 0, 'nl3': 0, 'nn1': 12, 'nn2': 11, 'nn3': 10}",-0.5347349177330896,-0.553016453382084,-0.57548032936871,-0.5544041450777202,0.016661907294721584,14
17,2.2384678522745767,0.1324563178225655,0.14795494079589844,0.05350334853943925,relu,1e-06,0,3,0.001,0,0.01,0,0,0,12,8,10,"{'act': 'relu', 'decay': 1e-06, 'dropout': 0, 'epochs': 3, 'l1': 0.001, 'l2': 0, 'lr': 0.01, 'nl1': 0, 'nl2': 0, 'nl3': 0, 'nn1': 12, 'nn2': 8, 'nn3': 10}",-0.5310786106032906,-0.5521023765996343,-0.5827996340347666,-0.5553185004571777,0.02123558566905119,16
18,3.1165175437927246,0.18297158381368228,0.1730769475301107,0.022964622333447874,relu,1e-06,0,3,0.001,0,0.01,0,1,0,12,11,10,"{'act': 'relu', 'decay': 1e-06, 'dropout': 0, 'epochs': 3, 'l1': 0.001, 'l2': 0, 'lr': 0.01, 'nl1': 0, 'nl2': 1, 'nl3': 0, 'nn1': 12, 'nn2': 11, 'nn3': 10}",-0.5210237659963437,-0.5795246800731262,-0.616651418115279,-0.572386467540384,0.03936196237522042,45
19,2.6961849530537925,0.19270691540381948,0.17640296618143717,0.029789370901703704,relu,1e-06,0,3,0.001,0,0.01,0,1,0,12,8,10,"{'act': 'relu', 'decay': 1e-06, 'dropout': 0, 'epochs': 3, 'l1': 0.001, 'l2': 0, 'lr': 0.01, 'nl1': 0, 'nl2': 1, 'nl3': 0, 'nn1': 12, 'nn2': 8, 'nn3': 10}",-0.546617915904936,-0.546617915904936,-0.6276303751143641,-0.5736056080463273,0.038183815703024676,49
20,2.322899103164673,0.2011650326008806,0.13418380419413248,0.023135503236877086,relu,1e-06,0,3,0.001,0,1e-05,0,0,0,12,11,10,"{'act': 'relu', 'decay': 1e-06, 'dropout': 0, 'epochs': 3, 'l1': 0.001, 'l2': 0, 'lr': 1e-05, 'nl1': 0, 'nl2': 0, 'nl3': 0, 'nn1': 12, 'nn2': 11, 'nn3': 10}",-1.653564899451554,-2.764168190127971,-1.1866422689844465,-1.8683328253581226,0.6616453389476628,113
21,2.564621369043986,0.38869209089532425,0.10612265268961589,0.007049685260570989,relu,1e-06,0,3,0.001,0,1e-05,0,0,0,12,8,10,"{'act': 'relu', 'decay': 1e-06, 'dropout': 0, 'epochs': 3, 'l1': 0.001, 'l2': 0, 'lr': 1e-05, 'nl1': 0, 'nl2': 0, 'nl3': 0, 'nn1': 12, 'nn2': 8, 'nn3': 10}",-0.9497257769652651,-2.569469835466179,-2.009149130832571,-1.842730874733313,0.6717365061456994,109
22,2.6442182858784995,0.3371529169904975,0.16724332173665366,0.009729412812718372,relu,1e-06,0,3,0.001,0,1e-05,0,1,0,12,11,10,"{'act': 'relu', 'decay': 1e-06, 'dropout': 0, 'epochs': 3, 'l1': 0.001, 'l2': 0, 'lr': 1e-05, 'nl1': 0, 'nl2': 1, 'nl3': 0, 'nn1': 12, 'nn2': 11, 'nn3': 10}",-2.863802559414991,-1.3153564899451553,-2.8334858188472096,-2.337397135019811,0.7229630098546824,126
23,3.0179386933644614,0.18693989689467475,0.16126394271850586,0.027750874062712053,relu,1e-06,0,3,0.001,0,1e-05,0,1,0,12,8,10,"{'act': 'relu', 'decay': 1e-06, 'dropout': 0, 'epochs': 3, 'l1': 0.001, 'l2': 0, 'lr': 1e-05, 'nl1': 0, 'nl2': 1, 'nl3': 0, 'nn1': 12, 'nn2': 8, 'nn3': 10}",-0.6252285191956124,-2.017367458866545,-2.375114364135407,-1.6723559890277355,0.7548614899759044,96
24,2.4326085249582925,0.2719564156162178,0.1647801399230957,0.06624300856329757,relu,1e-06,0,3,0.001,0.001,0.01,0,0,0,12,11,10,"{'act': 'relu', 'decay': 1e-06, 'dropout': 0, 'epochs': 3, 'l1': 0.001, 'l2': 0.001, 'lr': 0.01, 'nl1': 0, 'nl2': 0, 'nl3': 0, 'nn1': 12, 'nn2': 11, 'nn3': 10}",-0.5383912248628885,-0.5585009140767825,-0.5663311985361391,-0.5544041450777202,0.011767869907577331,14
25,2.3523040612538657,0.11542487812520986,0.13576388359069824,0.04479081818339737,relu,1e-06,0,3,0.001,0.001,0.01,0,0,0,12,8,10,"{'act': 'relu', 'decay': 1e-06, 'dropout': 0, 'epochs': 3, 'l1': 0.001, 'l2': 0.001, 'lr': 0.01, 'nl1': 0, 'nl2': 0, 'nl3': 0, 'nn1': 12, 'nn2': 8, 'nn3': 10}",-0.5475319926873857,-0.5859232175502742,-0.5782250686184812,-0.570557756781469,0.01658582310353972,42
26,3.1487999757130942,0.4569852737671249,0.16486501693725586,0.027029182689400404,relu,1e-06,0,3,0.001,0.001,0.01,0,1,0,12,11,10,"{'act': 'relu', 'decay': 1e-06, 'dropout': 0, 'epochs': 3, 'l1': 0.001, 'l2': 0.001, 'lr': 0.01, 'nl1': 0, 'nl2': 1, 'nl3': 0, 'nn1': 12, 'nn2': 11, 'nn3': 10}",-0.5301645338208409,-0.5685557586837294,-0.5837145471180238,-0.5608046327339226,0.02253696444301505,24
27,3.1922711531321206,0.1287537068667616,0.11954267819722493,0.016318907713971202,relu,1e-06,0,3,0.001,0.001,0.01,0,1,0,12,8,10,"{'act': 'relu', 'decay': 1e-06, 'dropout': 0, 'epochs': 3, 'l1': 0.001, 'l2': 0.001, 'lr': 0.01, 'nl1': 0, 'nl2': 1, 'nl3': 0, 'nn1': 12, 'nn2': 8, 'nn3': 10}",-0.5137111517367459,-0.6069469835466179,-0.5635864592863677,-0.5614142029868943,0.03810011583236673,26
28,2.3696126143137612,0.255115804515082,0.14658872286478677,0.04276077828301427,relu,1e-06,0,3,0.001,0.001,1e-05,0,0,0,12,11,10,"{'act': 'relu', 'decay': 1e-06, 'dropout': 0, 'epochs': 3, 'l1': 0.001, 'l2': 0.001, 'lr': 1e-05, 'nl1': 0, 'nl2': 0, 'nl3': 0, 'nn1': 12, 'nn2': 11, 'nn3': 10}",-2.8455210237659965,-0.643510054844607,-0.9817017383348582,-1.4903992685156964,0.9683267424867941,90
29,2.5619669755299888,0.1957760500646181,0.15958412488301596,0.029673667380403987,relu,1e-06,0,3,0.001,0.001,1e-05,0,0,0,12,8,10,"{'act': 'relu', 'decay': 1e-06, 'dropout': 0, 'epochs': 3, 'l1': 0.001, 'l2': 0.001, 'lr': 1e-05, 'nl1': 0, 'nl2': 0, 'nl3': 0, 'nn1': 12, 'nn2': 8, 'nn3': 10}",-0.6270566727605119,-2.822669104204753,-1.6688014638609332,-1.7061871380676623,0.8968809345119996,99
30,3.0373710791269937,0.19453132200420478,0.15615010261535645,0.006823377923337571,relu,1e-06,0,3,0.001,0.001,1e-05,0,1,0,12,11,10,"{'act': 'relu', 'decay': 1e-06, 'dropout': 0, 'epochs': 3, 'l1': 0.001, 'l2': 0.001, 'lr': 1e-05, 'nl1': 0, 'nl2': 1, 'nl3': 0, 'nn1': 12, 'nn2': 11, 'nn3': 10}",-0.6243144424131627,-0.9661791590493601,-1.1848124428179323,-0.9250228588844864,0.2306490530668551,66
31,2.8271120389302573,0.2469110805679763,0.19746907552083334,0.06149553272962113,relu,1e-06,0,3,0.001,0.001,1e-05,0,1,0,12,8,10,"{'act': 'relu', 'decay': 1e-06, 'dropout': 0, 'epochs': 3, 'l1': 0.001, 'l2': 0.001, 'lr': 1e-05, 'nl1': 0, 'nl2': 1, 'nl3': 0, 'nn1': 12, 'nn2': 8, 'nn3': 10}",-0.7851919561243145,-1.7458866544789762,-1.1994510521500457,-1.2435233160621761,0.3934965834293566,75
32,3.8117557366689048,0.3969644126193562,0.2277379830678304,0.02564750079343708,relu,1e-06,0.1,3,0,0,0.01,0,0,0,12,11,10,"{'act': 'relu', 'decay': 1e-06, 'dropout': 0.1, 'epochs': 3, 'l1': 0, 'l2': 0, 'lr': 0.01, 'nl1': 0, 'nl2': 0, 'nl3': 0, 'nn1': 12, 'nn2': 11, 'nn3': 10}",-0.5484460694698354,-0.5703839122486288,-0.5617566331198536,-0.560195062480951,0.009025191143385613,22
33,3.529754559199015,0.360494259460104,0.19504173596700033,0.026769883996854312,relu,1e-06,0.1,3,0,0,0.01,0,0,0,12,8,10,"{'act': 'relu', 'decay': 1e-06, 'dropout': 0.1, 'epochs': 3, 'l1': 0, 'l2': 0, 'lr': 0.01, 'nl1': 0, 'nl2': 0, 'nl3': 0, 'nn1': 12, 'nn2': 8, 'nn3': 10}",-0.5237659963436929,-0.5630712979890311,-0.5663311985361391,-0.5510515086863761,0.01934400915950655,8
34,4.139942407608032,0.09717964369828647,0.28272326787312824,0.026244676907437123,relu,1e-06,0.1,3,0,0,0.01,0,1,0,12,11,10,"{'act': 'relu', 'decay': 1e-06, 'dropout': 0.1, 'epochs': 3, 'l1': 0, 'l2': 0, 'lr': 0.01, 'nl1': 0, 'nl2': 1, 'nl3': 0, 'nn1': 12, 'nn2': 11, 'nn3': 10}",-0.5722120658135283,-0.5411334552102377,-0.6065873741994511,-0.5733008229198415,0.026730505466721535,47
35,4.338726043701172,0.4525042921551661,0.3319644133249919,0.048231034919442105,relu,1e-06,0.1,3,0,0,0.01,0,1,0,12,8,10,"{'act': 'relu', 'decay': 1e-06, 'dropout': 0.1, 'epochs': 3, 'l1': 0, 'l2': 0, 'lr': 0.01, 'nl1': 0, 'nl2': 1, 'nl3': 0, 'nn1': 12, 'nn2': 8, 'nn3': 10}",-0.576782449725777,-0.556672760511883,-0.6239707227813358,-0.5857970131057605,0.028202314090430648,60
36,3.839427391688029,0.2802143053950838,0.27050264676411945,0.09714994561097491,relu,1e-06,0.1,3,0,0,1e-05,0,0,0,12,11,10,"{'act': 'relu', 'decay': 1e-06, 'dropout': 0.1, 'epochs': 3, 'l1': 0, 'l2': 0, 'lr': 1e-05, 'nl1': 0, 'nl2': 0, 'nl3': 0, 'nn1': 12, 'nn2': 11, 'nn3': 10}",-2.627056672760512,-1.1343692870201096,-1.7758462946020128,-1.8457787259981713,0.6114808462433949,110
37,3.3255671660105386,0.08315940194219873,0.24376614888509116,0.02193311371919036,relu,1e-06,0.1,3,0,0,1e-05,0,0,0,12,8,10,"{'act': 'relu', 'decay': 1e-06, 'dropout': 0.1, 'epochs': 3, 'l1': 0, 'l2': 0, 'lr': 1e-05, 'nl1': 0, 'nl2': 0, 'nl3': 0, 'nn1': 12, 'nn2': 8, 'nn3': 10}",-2.2979890310786106,-1.229433272394881,-1.1637694419030191,-1.5638524839987809,0.519923039051273,92
38,4.362967252731323,0.5196836293956297,0.3013448715209961,0.08473690240049185,relu,1e-06,0.1,3,0,0,1e-05,0,1,0,12,11,10,"{'act': 'relu', 'decay': 1e-06, 'dropout': 0.1, 'epochs': 3, 'l1': 0, 'l2': 0, 'lr': 1e-05, 'nl1': 0, 'nl2': 1, 'nl3': 0, 'nn1': 12, 'nn2': 11, 'nn3': 10}",-1.517367458866545,-0.9890310786106032,-1.9569990850869168,-1.4876562023773239,0.3956995002207571,89
39,4.61070974667867,0.07598150694627595,0.39409947395324707,0.09601380755225856,relu,1e-06,0.1,3,0,0,1e-05,0,1,0,12,8,10,"{'act': 'relu', 'decay': 1e-06, 'dropout': 0.1, 'epochs': 3, 'l1': 0, 'l2': 0, 'lr': 1e-05, 'nl1': 0, 'nl2': 1, 'nl3': 0, 'nn1': 12, 'nn2': 8, 'nn3': 10}",-1.5274223034734917,-2.7623400365630713,-2.120768526989936,-2.1368485217921367,0.5043579418617206,121
40,3.7375062306722007,0.1850793747872432,0.20978911717732748,0.022126323747374936,relu,1e-06,0.1,3,0,0.001,0.01,0,0,0,12,11,10,"{'act': 'relu', 'decay': 1e-06, 'dropout': 0.1, 'epochs': 3, 'l1': 0, 'l2': 0.001, 'lr': 0.01, 'nl1': 0, 'nl2': 0, 'nl3': 0, 'nn1': 12, 'nn2': 11, 'nn3': 10}",-0.5502742230347349,-0.5712979890310786,-0.5864592863677951,-0.5693386162755257,0.014836226436539736,40
41,3.551502545674642,0.3448990740827085,0.1851801077524821,0.009345918204750196,relu,1e-06,0.1,3,0,0.001,0.01,0,0,0,12,8,10,"{'act': 'relu', 'decay': 1e-06, 'dropout': 0.1, 'epochs': 3, 'l1': 0, 'l2': 0.001, 'lr': 0.01, 'nl1': 0, 'nl2': 0, 'nl3': 0, 'nn1': 12, 'nn2': 8, 'nn3': 10}",-0.5182815356489945,-0.5548446069469836,-0.5727355901189387,-0.5486132276744895,0.02266177058024359,6
42,4.723818222681682,0.4975328950793955,0.251406987508138,0.038961730150867,relu,1e-06,0.1,3,0,0.001,0.01,0,1,0,12,11,10,"{'act': 'relu', 'decay': 1e-06, 'dropout': 0.1, 'epochs': 3, 'l1': 0, 'l2': 0.001, 'lr': 0.01, 'nl1': 0, 'nl2': 1, 'nl3': 0, 'nn1': 12, 'nn2': 11, 'nn3': 10}",-0.5694698354661791,-0.5758683729433273,-0.5864592863677951,-0.5772630295641573,0.00700517980010958,52
43,5.0712136427561445,0.08069276342748714,0.2884502410888672,0.08299204597836658,relu,1e-06,0.1,3,0,0.001,0.01,0,1,0,12,8,10,"{'act': 'relu', 'decay': 1e-06, 'dropout': 0.1, 'epochs': 3, 'l1': 0, 'l2': 0.001, 'lr': 0.01, 'nl1': 0, 'nl2': 1, 'nl3': 0, 'nn1': 12, 'nn2': 8, 'nn3': 10}",-0.6170018281535649,-0.5594149908592322,-0.5782250686184812,-0.584882657726303,0.023979517316235724,58
44,3.5354998111724854,0.22182168153158968,0.2721823851267497,0.021448633457536562,relu,1e-06,0.1,3,0,0.001,1e-05,0,0,0,12,11,10,"{'act': 'relu', 'decay': 1e-06, 'dropout': 0.1, 'epochs': 3, 'l1': 0, 'l2': 0.001, 'lr': 1e-05, 'nl1': 0, 'nl2': 0, 'nl3': 0, 'nn1': 12, 'nn2': 11, 'nn3': 10}",-0.9588665447897623,-2.012797074954296,-1.8755718206770358,-1.6156659555013715,0.4678988573308866,93
45,4.134930690129598,0.09907242729038246,0.24952944119771323,0.07195287220455772,relu,1e-06,0.1,3,0,0.001,1e-05,0,0,0,12,8,10,"{'act': 'relu', 'decay': 1e-06, 'dropout': 0.1, 'epochs': 3, 'l1': 0, 'l2': 0.001, 'lr': 1e-05, 'nl1': 0, 'nl2': 0, 'nl3': 0, 'nn1': 12, 'nn2': 8, 'nn3': 10}",-2.136197440585009,-1.5447897623400366,-1.1903019213174748,-1.623895153916489,0.3901630793109781,94
46,4.552045186360677,0.20641256405026212,0.23043537139892578,0.012399198835985673,relu,1e-06,0.1,3,0,0.001,1e-05,0,1,0,12,11,10,"{'act': 'relu', 'decay': 1e-06, 'dropout': 0.1, 'epochs': 3, 'l1': 0, 'l2': 0.001, 'lr': 1e-05, 'nl1': 0, 'nl2': 1, 'nl3': 0, 'nn1': 12, 'nn2': 11, 'nn3': 10}",-1.8994515539305301,-1.20018281535649,-0.6916742909423604,-1.2639439195367266,0.49509348024380656,76
47,4.888330618540446,0.29508189215485187,0.31713151931762695,0.06360433208177114,relu,1e-06,0.1,3,0,0.001,1e-05,0,1,0,12,8,10,"{'act': 'relu', 'decay': 1e-06, 'dropout': 0.1, 'epochs': 3, 'l1': 0, 'l2': 0.001, 'lr': 1e-05, 'nl1': 0, 'nl2': 1, 'nl3': 0, 'nn1': 12, 'nn2': 8, 'nn3': 10}",-0.6243144424131627,-2.6279707495429614,-1.717291857273559,-1.6565071624504724,0.8192411534129616,95
48,3.7357418537139893,0.17209437939228897,0.26377415657043457,0.0883060145035811,relu,1e-06,0.1,3,0.001,0,0.01,0,0,0,12,11,10,"{'act': 'relu', 'decay': 1e-06, 'dropout': 0.1, 'epochs': 3, 'l1': 0.001, 'l2': 0, 'lr': 0.01, 'nl1': 0, 'nl2': 0, 'nl3': 0, 'nn1': 12, 'nn2': 11, 'nn3': 10}",-0.5365630712979891,-0.5676416819012797,-0.585544373284538,-0.5632429137458093,0.020235595095981093,30
49,3.841238260269165,0.3388971910769625,0.284262736638387,0.06327120834685243,relu,1e-06,0.1,3,0.001,0,0.01,0,0,0,12,8,10,"{'act': 'relu', 'decay': 1e-06, 'dropout': 0.1, 'epochs': 3, 'l1': 0.001, 'l2': 0, 'lr': 0.01, 'nl1': 0, 'nl2': 0, 'nl3': 0, 'nn1': 12, 'nn2': 8, 'nn3': 10}",-0.5877513711151737,-0.5658135283363802,-0.5809698078682525,-0.5781773849436147,0.009172305452535062,53
50,4.736877044041951,0.1437764732438874,0.24308435122172037,0.032217596949914655,relu,1e-06,0.1,3,0.001,0,0.01,0,1,0,12,11,10,"{'act': 'relu', 'decay': 1e-06, 'dropout': 0.1, 'epochs': 3, 'l1': 0.001, 'l2': 0, 'lr': 0.01, 'nl1': 0, 'nl2': 1, 'nl3': 0, 'nn1': 12, 'nn2': 11, 'nn3': 10}",-0.5356489945155393,-0.5950639853747715,-0.585544373284538,-0.5720816824138982,0.026059074544930873,44
51,4.972043037414551,0.4188852780444317,0.266629695892334,0.05424834946640716,relu,1e-06,0.1,3,0.001,0,0.01,0,1,0,12,8,10,"{'act': 'relu', 'decay': 1e-06, 'dropout': 0.1, 'epochs': 3, 'l1': 0.001, 'l2': 0, 'lr': 0.01, 'nl1': 0, 'nl2': 1, 'nl3': 0, 'nn1': 12, 'nn2': 8, 'nn3': 10}",-0.556672760511883,-0.5694698354661791,-0.5818847209515096,-0.5693386162755257,0.010292372808066476,40
52,3.8167136510213218,0.24518225642947009,0.20662077267964682,0.0688718848268894,relu,1e-06,0.1,3,0.001,0,1e-05,0,0,0,12,11,10,"{'act': 'relu', 'decay': 1e-06, 'dropout': 0.1, 'epochs': 3, 'l1': 0.001, 'l2': 0, 'lr': 1e-05, 'nl1': 0, 'nl2': 0, 'nl3': 0, 'nn1': 12, 'nn2': 11, 'nn3': 10}",-1.20018281535649,-0.6471663619744058,-1.3247941445562672,-1.0572996037793356,0.2945007588042391,70
53,3.833007017771403,0.15567438698353525,0.3297506968180339,0.07073807141219035,relu,1e-06,0.1,3,0.001,0,1e-05,0,0,0,12,8,10,"{'act': 'relu', 'decay': 1e-06, 'dropout': 0.1, 'epochs': 3, 'l1': 0.001, 'l2': 0, 'lr': 1e-05, 'nl1': 0, 'nl2': 0, 'nl3': 0, 'nn1': 12, 'nn2': 8, 'nn3': 10}",-0.6718464351005484,-2.1179159049360146,-2.787740164684355,-1.858884486437062,0.8829596955702999,112
54,5.333199659983317,0.28305429759795464,0.3069329261779785,0.07799157693720467,relu,1e-06,0.1,3,0.001,0,1e-05,0,1,0,12,11,10,"{'act': 'relu', 'decay': 1e-06, 'dropout': 0.1, 'epochs': 3, 'l1': 0.001, 'l2': 0, 'lr': 1e-05, 'nl1': 0, 'nl2': 1, 'nl3': 0, 'nn1': 12, 'nn2': 11, 'nn3': 10}",-0.7769652650822669,-1.570383912248629,-0.6861848124428179,-1.0112770496799757,0.397171266907158,67
55,4.837628682454427,0.54022354859265,0.28096286455790204,0.06751329672369703,relu,1e-06,0.1,3,0.001,0,1e-05,0,1,0,12,8,10,"{'act': 'relu', 'decay': 1e-06, 'dropout': 0.1, 'epochs': 3, 'l1': 0.001, 'l2': 0, 'lr': 1e-05, 'nl1': 0, 'nl2': 1, 'nl3': 0, 'nn1': 12, 'nn2': 8, 'nn3': 10}",-2.2312614259597807,-2.117001828153565,-1.900274473924977,-2.082901554404145,0.13725021290887943,120
56,3.896709601084391,0.16405467247646785,0.26977960268656415,0.1086896146654523,relu,1e-06,0.1,3,0.001,0.001,0.01,0,0,0,12,11,10,"{'act': 'relu', 'decay': 1e-06, 'dropout': 0.1, 'epochs': 3, 'l1': 0.001, 'l2': 0.001, 'lr': 0.01, 'nl1': 0, 'nl2': 0, 'nl3': 0, 'nn1': 12, 'nn2': 11, 'nn3': 10}",-0.5310786106032906,-0.5813528336380256,-0.5910338517840805,-0.5678146906430966,0.026281101449971717,36
57,4.082286278406779,0.0421859041814506,0.255034605662028,0.02942738768371858,relu,1e-06,0.1,3,0.001,0.001,0.01,0,0,0,12,8,10,"{'act': 'relu', 'decay': 1e-06, 'dropout': 0.1, 'epochs': 3, 'l1': 0.001, 'l2': 0.001, 'lr': 0.01, 'nl1': 0, 'nl2': 0, 'nl3': 0, 'nn1': 12, 'nn2': 8, 'nn3': 10}",-0.556672760511883,-0.5612431444241316,-0.6029277218664227,-0.5736056080463273,0.020808236029563266,49
58,5.161844968795776,0.30675842978116524,0.30067261060078937,0.01784053219943271,relu,1e-06,0.1,3,0.001,0.001,0.01,0,1,0,12,11,10,"{'act': 'relu', 'decay': 1e-06, 'dropout': 0.1, 'epochs': 3, 'l1': 0.001, 'l2': 0.001, 'lr': 0.01, 'nl1': 0, 'nl2': 1, 'nl3': 0, 'nn1': 12, 'nn2': 11, 'nn3': 10}",-0.6078610603290676,-0.5758683729433273,-0.5919487648673376,-0.591892715635477,0.01306301024164719,62
59,5.434173027674357,0.48244660956201996,0.37670572598775226,0.04329718812212157,relu,1e-06,0.1,3,0.001,0.001,0.01,0,1,0,12,8,10,"{'act': 'relu', 'decay': 1e-06, 'dropout': 0.1, 'epochs': 3, 'l1': 0.001, 'l2': 0.001, 'lr': 0.01, 'nl1': 0, 'nl2': 1, 'nl3': 0, 'nn1': 12, 'nn2': 8, 'nn3': 10}",-0.6224862888482633,-0.6051188299817185,-0.6212259835315646,-0.6162755257543432,0.007907532823045202,64
60,3.9848060607910156,0.2673439196698075,0.2742656071980794,0.06864489324098491,relu,1e-06,0.1,3,0.001,0.001,1e-05,0,0,0,12,11,10,"{'act': 'relu', 'decay': 1e-06, 'dropout': 0.1, 'epochs': 3, 'l1': 0.001, 'l2': 0.001, 'lr': 1e-05, 'nl1': 0, 'nl2': 0, 'nl3': 0, 'nn1': 12, 'nn2': 11, 'nn3': 10}",-1.5959780621572213,-2.618829981718464,-2.234217749313815,-2.1496494971045412,0.4218966460087295,122
61,4.0083528359731035,0.15744543370050304,0.22257486979166666,0.03162506920897545,relu,1e-06,0.1,3,0.001,0.001,1e-05,0,0,0,12,8,10,"{'act': 'relu', 'decay': 1e-06, 'dropout': 0.1, 'epochs': 3, 'l1': 0.001, 'l2': 0.001, 'lr': 1e-05, 'nl1': 0, 'nl2': 0, 'nl3': 0, 'nn1': 12, 'nn2': 8, 'nn3': 10}",-1.2797074954296161,-1.1956124314442413,-1.2451967063129004,-1.240170679670832,0.03452016024743538,74
62,5.318666140238444,0.22786747195049567,0.3870725631713867,0.11302340268267114,relu,1e-06,0.1,3,0.001,0.001,1e-05,0,1,0,12,11,10,"{'act': 'relu', 'decay': 1e-06, 'dropout': 0.1, 'epochs': 3, 'l1': 0.001, 'l2': 0.001, 'lr': 1e-05, 'nl1': 0, 'nl2': 1, 'nl3': 0, 'nn1': 12, 'nn2': 11, 'nn3': 10}",-2.793418647166362,-0.9652650822669104,-0.6514181152790485,-1.4702834501676318,0.9445410372938061,87
63,5.614199956258138,0.0828251019322033,0.2681683699289958,0.029219743429044518,relu,1e-06,0.1,3,0.001,0.001,1e-05,0,1,0,12,8,10,"{'act': 'relu', 'decay': 1e-06, 'dropout': 0.1, 'epochs': 3, 'l1': 0.001, 'l2': 0.001, 'lr': 1e-05, 'nl1': 0, 'nl2': 1, 'nl3': 0, 'nn1': 12, 'nn2': 8, 'nn3': 10}",-3.110603290676417,-1.1078610603290677,-1.1875571820677036,-1.802194452910698,0.9259679524995792,106
64,2.159728527069092,0.14147962835833933,0.16189026832580566,0.02216055220212141,relu,0,0,3,0,0,0.01,0,0,0,12,11,10,"{'act': 'relu', 'decay': 0, 'dropout': 0, 'epochs': 3, 'l1': 0, 'l2': 0, 'lr': 0.01, 'nl1': 0, 'nl2': 0, 'nl3': 0, 'nn1': 12, 'nn2': 11, 'nn3': 10}",-0.5191956124314442,-0.5648994515539305,-0.5727355901189387,-0.5522706491923194,0.023610627888140726,10
65,2.1153966585795083,0.12398312711133908,0.12565318743387857,0.001782787859342004,relu,0,0,3,0,0,0.01,0,0,0,12,8,10,"{'act': 'relu', 'decay': 0, 'dropout': 0, 'epochs': 3, 'l1': 0, 'l2': 0, 'lr': 0.01, 'nl1': 0, 'nl2': 0, 'nl3': 0, 'nn1': 12, 'nn2': 8, 'nn3': 10}",-0.5173674588665448,-0.5786106032906764,-0.5736505032021958,-0.556537640963121,0.0277777278984284,17
66,2.6581247647603354,0.02963745329279739,0.14352631568908691,0.006375675507920115,relu,0,0,3,0,0,0.01,0,1,0,12,11,10,"{'act': 'relu', 'decay': 0, 'dropout': 0, 'epochs': 3, 'l1': 0, 'l2': 0, 'lr': 0.01, 'nl1': 0, 'nl2': 1, 'nl3': 0, 'nn1': 12, 'nn2': 11, 'nn3': 10}",-0.5018281535648994,-0.5795246800731262,-0.6020128087831657,-0.5611094178604085,0.04292098227956095,25
67,2.692133824030558,0.19880360845643755,0.1612995465596517,0.03556888166610846,relu,0,0,3,0,0,0.01,0,1,0,12,8,10,"{'act': 'relu', 'decay': 0, 'dropout': 0, 'epochs': 3, 'l1': 0, 'l2': 0, 'lr': 0.01, 'nl1': 0, 'nl2': 1, 'nl3': 0, 'nn1': 12, 'nn2': 8, 'nn3': 10}",-0.5274223034734917,-0.5457038391224863,-0.555352241537054,-0.5428223102712587,0.011582194768807702,2
68,2.1883602142333984,0.028984165352572464,0.13183466593424478,0.004360267280116547,relu,0,0,3,0,0,1e-05,0,0,0,12,11,10,"{'act': 'relu', 'decay': 0, 'dropout': 0, 'epochs': 3, 'l1': 0, 'l2': 0, 'lr': 1e-05, 'nl1': 0, 'nl2': 0, 'nl3': 0, 'nn1': 12, 'nn2': 11, 'nn3': 10}",-0.6489945155393053,-1.783363802559415,-1.5288197621225983,-1.3203291679366047,0.4860506932294713,78
69,2.070238987604777,0.056436558865096464,0.14707199732462564,0.005078424758268185,relu,0,0,3,0,0,1e-05,0,0,0,12,8,10,"{'act': 'relu', 'decay': 0, 'dropout': 0, 'epochs': 3, 'l1': 0, 'l2': 0, 'lr': 1e-05, 'nl1': 0, 'nl2': 0, 'nl3': 0, 'nn1': 12, 'nn2': 8, 'nn3': 10}",-1.7797074954296161,-1.43327239488117,-2.0009149130832573,-1.7378847912221884,0.2336017524944012,102
70,2.651474952697754,0.2357031186554814,0.19133289655049643,0.0257787986547123,relu,0,0,3,0,0,1e-05,0,1,0,12,11,10,"{'act': 'relu', 'decay': 0, 'dropout': 0, 'epochs': 3, 'l1': 0, 'l2': 0, 'lr': 1e-05, 'nl1': 0, 'nl2': 1, 'nl3': 0, 'nn1': 12, 'nn2': 11, 'nn3': 10}",-2.1014625228519197,-1.2047531992687386,-2.6404391582799636,-1.9820176775373362,0.5921289858522792,118
71,2.9010053475697837,0.24647444744346375,0.16727320353190103,0.03515542338670288,relu,0,0,3,0,0,1e-05,0,1,0,12,8,10,"{'act': 'relu', 'decay': 0, 'dropout': 0, 'epochs': 3, 'l1': 0, 'l2': 0, 'lr': 1e-05, 'nl1': 0, 'nl2': 1, 'nl3': 0, 'nn1': 12, 'nn2': 8, 'nn3': 10}",-1.3318098720292504,-1.3583180987202925,-1.8920402561756633,-1.5272782688204816,0.258034870116268,91
72,2.309755722681681,0.13354500118415003,0.13985657691955566,0.02128132352518621,relu,0,0,3,0,0.001,0.01,0,0,0,12,11,10,"{'act': 'relu', 'decay': 0, 'dropout': 0, 'epochs': 3, 'l1': 0, 'l2': 0.001, 'lr': 0.01, 'nl1': 0, 'nl2': 0, 'nl3': 0, 'nn1': 12, 'nn2': 11, 'nn3': 10}",-0.5575868372943327,-0.5694698354661791,-0.5727355901189387,-0.5665955501371533,0.006509551617083413,34
73,2.155280907948812,0.12586188595437034,0.16229947408040366,0.002899883000705481,relu,0,0,3,0,0.001,0.01,0,0,0,12,8,10,"{'act': 'relu', 'decay': 0, 'dropout': 0, 'epochs': 3, 'l1': 0, 'l2': 0.001, 'lr': 0.01, 'nl1': 0, 'nl2': 0, 'nl3': 0, 'nn1': 12, 'nn2': 8, 'nn3': 10}",-0.5429616087751371,-0.5502742230347349,-0.5645013723696248,-0.5525754343188053,0.0089422648019747,11
74,2.882423241933187,0.32121267128163083,0.17595926920572916,0.02698934392941621,relu,0,0,3,0,0.001,0.01,0,1,0,12,11,10,"{'act': 'relu', 'decay': 0, 'dropout': 0, 'epochs': 3, 'l1': 0, 'l2': 0.001, 'lr': 0.01, 'nl1': 0, 'nl2': 1, 'nl3': 0, 'nn1': 12, 'nn2': 11, 'nn3': 10}",-0.5255941499085923,-0.5941499085923218,-0.5727355901189387,-0.5641572691252666,0.028641128600261422,32
75,2.8277766704559326,0.16647743913347232,0.18566115697224936,0.015032159338510485,relu,0,0,3,0,0.001,0.01,0,1,0,12,8,10,"{'act': 'relu', 'decay': 0, 'dropout': 0, 'epochs': 3, 'l1': 0, 'l2': 0.001, 'lr': 0.01, 'nl1': 0, 'nl2': 1, 'nl3': 0, 'nn1': 12, 'nn2': 8, 'nn3': 10}",-0.5438756855575868,-0.5786106032906764,-0.5699908508691675,-0.5641572691252666,0.014769794320041416,32
76,2.3739285469055176,0.23345336047280504,0.17971150080362955,0.03817879525498013,relu,0,0,3,0,0.001,1e-05,0,0,0,12,11,10,"{'act': 'relu', 'decay': 0, 'dropout': 0, 'epochs': 3, 'l1': 0, 'l2': 0.001, 'lr': 1e-05, 'nl1': 0, 'nl2': 0, 'nl3': 0, 'nn1': 12, 'nn2': 11, 'nn3': 10}",-1.6681901279707496,-1.3418647166361974,-2.071363220494053,-1.6936909478817435,0.2983394668577852,98
77,2.158141851425171,0.16713862749804478,0.15160179138183594,0.035654781164922225,relu,0,0,3,0,0.001,1e-05,0,0,0,12,8,10,"{'act': 'relu', 'decay': 0, 'dropout': 0, 'epochs': 3, 'l1': 0, 'l2': 0.001, 'lr': 1e-05, 'nl1': 0, 'nl2': 0, 'nl3': 0, 'nn1': 12, 'nn2': 8, 'nn3': 10}",-1.1197440585009142,-2.3555758683729433,-2.683440073193047,-2.052727826882048,0.6733063584484613,119
78,2.947728713353475,0.262290330475696,0.1882166862487793,0.052986193834311045,relu,0,0,3,0,0.001,1e-05,0,1,0,12,11,10,"{'act': 'relu', 'decay': 0, 'dropout': 0, 'epochs': 3, 'l1': 0, 'l2': 0.001, 'lr': 1e-05, 'nl1': 0, 'nl2': 1, 'nl3': 0, 'nn1': 12, 'nn2': 11, 'nn3': 10}",-1.083180987202925,-0.9460694698354661,-1.8197621225983531,-1.282840597378848,0.3835946053748665,77
79,3.035516103108724,0.22117658869732457,0.1814903418223063,0.05014660040935091,relu,0,0,3,0,0.001,1e-05,0,1,0,12,8,10,"{'act': 'relu', 'decay': 0, 'dropout': 0, 'epochs': 3, 'l1': 0, 'l2': 0.001, 'lr': 1e-05, 'nl1': 0, 'nl2': 1, 'nl3': 0, 'nn1': 12, 'nn2': 8, 'nn3': 10}",-1.1215722120658136,-1.4506398537477148,-2.850869167429094,-1.807375800060957,0.7496630114508568,107
80,2.442613363265991,0.14270382097705758,0.18687192598978677,0.05883650275776358,relu,0,0,3,0.001,0,0.01,0,0,0,12,11,10,"{'act': 'relu', 'decay': 0, 'dropout': 0, 'epochs': 3, 'l1': 0.001, 'l2': 0, 'lr': 0.01, 'nl1': 0, 'nl2': 0, 'nl3': 0, 'nn1': 12, 'nn2': 11, 'nn3': 10}",-0.5648994515539305,-0.5575868372943327,-0.5580969807868252,-0.560195062480951,0.003333776505278281,22
81,2.353994607925415,0.3560437161984238,0.1499324639638265,0.016194305658391247,relu,0,0,3,0.001,0,0.01,0,0,0,12,8,10,"{'act': 'relu', 'decay': 0, 'dropout': 0, 'epochs': 3, 'l1': 0.001, 'l2': 0, 'lr': 0.01, 'nl1': 0, 'nl2': 0, 'nl3': 0, 'nn1': 12, 'nn2': 8, 'nn3': 10}",-0.5329067641681902,-0.6042047531992687,-0.6020128087831657,-0.5797013105760439,0.03310839861211397,55
82,3.0324750741322837,0.14372918047182004,0.18278956413269043,0.04436160029756473,relu,0,0,3,0.001,0,0.01,0,1,0,12,11,10,"{'act': 'relu', 'decay': 0, 'dropout': 0, 'epochs': 3, 'l1': 0.001, 'l2': 0, 'lr': 0.01, 'nl1': 0, 'nl2': 1, 'nl3': 0, 'nn1': 12, 'nn2': 11, 'nn3': 10}",-0.5411334552102377,-0.5603290676416819,-0.6450137236962489,-0.5821395915879305,0.04512429656089698,56
83,3.226754983266195,0.4041328425384281,0.18930522600809732,0.033334838906594284,relu,0,0,3,0.001,0,0.01,0,1,0,12,8,10,"{'act': 'relu', 'decay': 0, 'dropout': 0, 'epochs': 3, 'l1': 0.001, 'l2': 0, 'lr': 0.01, 'nl1': 0, 'nl2': 1, 'nl3': 0, 'nn1': 12, 'nn2': 8, 'nn3': 10}",-0.5310786106032906,-0.593235831809872,-0.5928636779505947,-0.572386467540384,0.02921613785989928,45
84,2.513096491495768,0.20485136786996827,0.13361716270446777,0.020098665552479356,relu,0,0,3,0.001,0,1e-05,0,0,0,12,11,10,"{'act': 'relu', 'decay': 0, 'dropout': 0, 'epochs': 3, 'l1': 0.001, 'l2': 0, 'lr': 1e-05, 'nl1': 0, 'nl2': 0, 'nl3': 0, 'nn1': 12, 'nn2': 11, 'nn3': 10}",-1.9360146252285193,-0.7047531992687386,-1.5882891125343093,-1.4096312099969521,0.5183523841425384,82
85,2.529053290685018,0.05465834695840969,0.15635045369466147,0.03421908947036423,relu,0,0,3,0.001,0,1e-05,0,0,0,12,8,10,"{'act': 'relu', 'decay': 0, 'dropout': 0, 'epochs': 3, 'l1': 0.001, 'l2': 0, 'lr': 1e-05, 'nl1': 0, 'nl2': 0, 'nl3': 0, 'nn1': 12, 'nn2': 8, 'nn3': 10}",-1.0091407678244972,-3.0923217550274225,-1.6056724611161939,-1.9024687595245353,0.8760696561570491,115
86,3.069943904876709,0.5091464861012236,0.14087716738382974,0.016756494694446147,relu,0,0,3,0.001,0,1e-05,0,1,0,12,11,10,"{'act': 'relu', 'decay': 0, 'dropout': 0, 'epochs': 3, 'l1': 0.001, 'l2': 0, 'lr': 1e-05, 'nl1': 0, 'nl2': 1, 'nl3': 0, 'nn1': 12, 'nn2': 11, 'nn3': 10}",-1.1407678244972577,-2.3318098720292504,-0.9762122598353157,-1.4830844254800366,0.6040236151825081,88
87,2.8464892705281577,0.17869568210575534,0.16673755645751953,0.03873503293550194,relu,0,0,3,0.001,0,1e-05,0,1,0,12,8,10,"{'act': 'relu', 'decay': 0, 'dropout': 0, 'epochs': 3, 'l1': 0.001, 'l2': 0, 'lr': 1e-05, 'nl1': 0, 'nl2': 1, 'nl3': 0, 'nn1': 12, 'nn2': 8, 'nn3': 10}",-2.2111517367458866,-0.8711151736745887,-1.0750228728270814,-1.3858579701310576,0.5896094350624708,80
88,2.494807322820028,0.140846626601005,0.15114577611287436,0.04163591922378263,relu,0,0,3,0.001,0.001,0.01,0,0,0,12,11,10,"{'act': 'relu', 'decay': 0, 'dropout': 0, 'epochs': 3, 'l1': 0.001, 'l2': 0.001, 'lr': 0.01, 'nl1': 0, 'nl2': 0, 'nl3': 0, 'nn1': 12, 'nn2': 11, 'nn3': 10}",-0.5402193784277879,-0.5758683729433273,-0.595608417200366,-0.570557756781469,0.022920602310041973,42
89,2.2527544498443604,0.20668116769580322,0.13187289237976074,0.030734720308603088,relu,0,0,3,0.001,0.001,0.01,0,0,0,12,8,10,"{'act': 'relu', 'decay': 0, 'dropout': 0, 'epochs': 3, 'l1': 0.001, 'l2': 0.001, 'lr': 0.01, 'nl1': 0, 'nl2': 0, 'nl3': 0, 'nn1': 12, 'nn2': 8, 'nn3': 10}",-0.5310786106032906,-0.5612431444241316,-0.565416285452882,-0.5525754343188053,0.015299164674870807,11
90,3.2238434155782065,0.33549868119187676,0.19781780242919922,0.02963697979204623,relu,0,0,3,0.001,0.001,0.01,0,1,0,12,11,10,"{'act': 'relu', 'decay': 0, 'dropout': 0, 'epochs': 3, 'l1': 0.001, 'l2': 0.001, 'lr': 0.01, 'nl1': 0, 'nl2': 1, 'nl3': 0, 'nn1': 12, 'nn2': 11, 'nn3': 10}",-0.6215722120658135,-0.5484460694698354,-0.5498627630375115,-0.5733008229198415,0.034145727106972126,47
91,3.190740982691447,0.38841227929069205,0.1745616594950358,0.03887526125612377,relu,0,0,3,0.001,0.001,0.01,0,1,0,12,8,10,"{'act': 'relu', 'decay': 0, 'dropout': 0, 'epochs': 3, 'l1': 0.001, 'l2': 0.001, 'lr': 0.01, 'nl1': 0, 'nl2': 1, 'nl3': 0, 'nn1': 12, 'nn2': 8, 'nn3': 10}",-0.5694698354661791,-0.5612431444241316,-0.5690759377859104,-0.5665955501371533,0.003789000977889097,34
92,2.3534884452819824,0.23525398817769616,0.1355124314626058,0.021540661344416904,relu,0,0,3,0.001,0.001,1e-05,0,0,0,12,11,10,"{'act': 'relu', 'decay': 0, 'dropout': 0, 'epochs': 3, 'l1': 0.001, 'l2': 0.001, 'lr': 1e-05, 'nl1': 0, 'nl2': 0, 'nl3': 0, 'nn1': 12, 'nn2': 11, 'nn3': 10}",-1.3436928702010968,-1.0648994515539305,-1.7932296431838974,-1.4004876562023774,0.30001813449531006,81
93,2.4298028151194253,0.14597296567154996,0.154858668645223,0.016365958251951602,relu,0,0,3,0.001,0.001,1e-05,0,0,0,12,8,10,"{'act': 'relu', 'decay': 0, 'dropout': 0, 'epochs': 3, 'l1': 0.001, 'l2': 0.001, 'lr': 1e-05, 'nl1': 0, 'nl2': 0, 'nl3': 0, 'nn1': 12, 'nn2': 8, 'nn3': 10}",-1.3564899451553931,-2.76599634369287,-1.3174748398902105,-1.8134715025906736,0.6738789766990865,108
94,2.8785623709360757,0.054013182279542535,0.19670605659484863,0.06570555706823446,relu,0,0,3,0.001,0.001,1e-05,0,1,0,12,11,10,"{'act': 'relu', 'decay': 0, 'dropout': 0, 'epochs': 3, 'l1': 0.001, 'l2': 0.001, 'lr': 1e-05, 'nl1': 0, 'nl2': 1, 'nl3': 0, 'nn1': 12, 'nn2': 11, 'nn3': 10}",-1.5374771480804388,-0.9076782449725777,-0.6935041171088746,-1.0463273392258459,0.35820824114154726,69
95,3.089306116104126,0.3131820773174087,0.14341584841410318,0.023697470429925076,relu,0,0,3,0.001,0.001,1e-05,0,1,0,12,8,10,"{'act': 'relu', 'decay': 0, 'dropout': 0, 'epochs': 3, 'l1': 0.001, 'l2': 0.001, 'lr': 1e-05, 'nl1': 0, 'nl2': 1, 'nl3': 0, 'nn1': 12, 'nn2': 8, 'nn3': 10}",-0.9387568555758684,-1.5603290676416819,-0.7895699908508692,-1.0963120999695215,0.33378733630058766,71
96,3.9547000726064048,0.5107701854353153,0.31449564297993976,0.1142288897022994,relu,0,0.1,3,0,0,0.01,0,0,0,12,11,10,"{'act': 'relu', 'decay': 0, 'dropout': 0.1, 'epochs': 3, 'l1': 0, 'l2': 0, 'lr': 0.01, 'nl1': 0, 'nl2': 0, 'nl3': 0, 'nn1': 12, 'nn2': 11, 'nn3': 10}",-0.5429616087751371,-0.5850091407678245,-0.5937785910338518,-0.5739103931728131,0.022179897735983972,51
97,3.659177859624227,0.201671127457784,0.19731839497884116,0.028797314245149683,relu,0,0.1,3,0,0,0.01,0,0,0,12,8,10,"{'act': 'relu', 'decay': 0, 'dropout': 0.1, 'epochs': 3, 'l1': 0, 'l2': 0, 'lr': 0.01, 'nl1': 0, 'nl2': 0, 'nl3': 0, 'nn1': 12, 'nn2': 8, 'nn3': 10}",-0.5155393053016454,-0.5521023765996343,-0.5773101555352241,-0.5483084425480037,0.02535828995822272,5
98,5.134109656016032,0.2856747458858619,0.2694026629130046,0.03608782504213844,relu,0,0.1,3,0,0,0.01,0,1,0,12,11,10,"{'act': 'relu', 'decay': 0, 'dropout': 0.1, 'epochs': 3, 'l1': 0, 'l2': 0, 'lr': 0.01, 'nl1': 0, 'nl2': 1, 'nl3': 0, 'nn1': 12, 'nn2': 11, 'nn3': 10}",-0.6042047531992687,-0.556672760511883,-0.5736505032021958,-0.5781773849436147,0.01966977675790627,53
99,5.0448102951049805,0.5675495111908847,0.3195054531097412,0.06232638396692203,relu,0,0.1,3,0,0,0.01,0,1,0,12,8,10,"{'act': 'relu', 'decay': 0, 'dropout': 0.1, 'epochs': 3, 'l1': 0, 'l2': 0, 'lr': 0.01, 'nl1': 0, 'nl2': 1, 'nl3': 0, 'nn1': 12, 'nn2': 8, 'nn3': 10}",-0.526508226691042,-0.5978062157221207,-0.5800548947849954,-0.5681194757695824,0.030309307218771127,38
100,4.375122865041097,0.4633519344971601,0.24464726448059082,0.052566738482856465,relu,0,0.1,3,0,0,1e-05,0,0,0,12,11,10,"{'act': 'relu', 'decay': 0, 'dropout': 0.1, 'epochs': 3, 'l1': 0, 'l2': 0, 'lr': 1e-05, 'nl1': 0, 'nl2': 0, 'nl3': 0, 'nn1': 12, 'nn2': 11, 'nn3': 10}",-2.1288848263254114,-2.357404021937843,-0.656907593778591,-1.7147211216092655,0.7534450705403228,101
101,4.047677834828694,0.16524602796027185,0.24542919794718424,0.0583018947263015,relu,0,0.1,3,0,0,1e-05,0,0,0,12,8,10,"{'act': 'relu', 'decay': 0, 'dropout': 0.1, 'epochs': 3, 'l1': 0, 'l2': 0, 'lr': 1e-05, 'nl1': 0, 'nl2': 0, 'nl3': 0, 'nn1': 12, 'nn2': 8, 'nn3': 10}",-2.9058500914076784,-0.716636197440585,-1.6578225068618482,-1.7601341054556539,0.8967991682580134,104
102,4.998186826705933,0.2984594289714336,0.2615823745727539,0.0193876589446051,relu,0,0.1,3,0,0,1e-05,0,1,0,12,11,10,"{'act': 'relu', 'decay': 0, 'dropout': 0.1, 'epochs': 3, 'l1': 0, 'l2': 0, 'lr': 1e-05, 'nl1': 0, 'nl2': 1, 'nl3': 0, 'nn1': 12, 'nn2': 11, 'nn3': 10}",-0.6654478976234004,-1.8903107861060329,-0.9890210430009149,-1.1816519353855532,0.5183249605661528,73
103,5.19152291615804,0.1957994590300512,0.28695185979207355,0.05555750555976487,relu,0,0.1,3,0,0,1e-05,0,1,0,12,8,10,"{'act': 'relu', 'decay': 0, 'dropout': 0.1, 'epochs': 3, 'l1': 0, 'l2': 0, 'lr': 1e-05, 'nl1': 0, 'nl2': 1, 'nl3': 0, 'nn1': 12, 'nn2': 8, 'nn3': 10}",-0.6343692870201096,-1.6261425959780622,-1.738334858188472,-1.3328253581225236,0.49611440625304404,79
104,4.135119358698527,0.3075975802033148,0.21524953842163086,0.06253633868717849,relu,0,0.1,3,0,0.001,0.01,0,0,0,12,11,10,"{'act': 'relu', 'decay': 0, 'dropout': 0.1, 'epochs': 3, 'l1': 0, 'l2': 0.001, 'lr': 0.01, 'nl1': 0, 'nl2': 0, 'nl3': 0, 'nn1': 12, 'nn2': 11, 'nn3': 10}",-0.5329067641681902,-0.5740402193784278,-0.5699908508691675,-0.5589759219750077,0.018511843446033245,19
105,4.011072476704915,0.34171486811644497,0.1880800724029541,0.01714195304619832,relu,0,0.1,3,0,0.001,0.01,0,0,0,12,8,10,"{'act': 'relu', 'decay': 0, 'dropout': 0.1, 'epochs': 3, 'l1': 0, 'l2': 0.001, 'lr': 0.01, 'nl1': 0, 'nl2': 0, 'nl3': 0, 'nn1': 12, 'nn2': 8, 'nn3': 10}",-0.5383912248628885,-0.5612431444241316,-0.5864592863677951,-0.5620237732398659,0.019629972511887334,28
106,5.479709545771281,0.5082000724161682,0.34112707773844403,0.16373417692760545,relu,0,0.1,3,0,0.001,0.01,0,1,0,12,11,10,"{'act': 'relu', 'decay': 0, 'dropout': 0.1, 'epochs': 3, 'l1': 0, 'l2': 0.001, 'lr': 0.01, 'nl1': 0, 'nl2': 1, 'nl3': 0, 'nn1': 12, 'nn2': 11, 'nn3': 10}",-0.5575868372943327,-0.56672760511883,-0.5809698078682525,-0.5684242608960682,0.009620462108902876,39
107,5.662063439687093,0.3710147339788003,0.329679012298584,0.16138414975984514,relu,0,0.1,3,0,0.001,0.01,0,1,0,12,8,10,"{'act': 'relu', 'decay': 0, 'dropout': 0.1, 'epochs': 3, 'l1': 0, 'l2': 0.001, 'lr': 0.01, 'nl1': 0, 'nl2': 1, 'nl3': 0, 'nn1': 12, 'nn2': 8, 'nn3': 10}",-0.5338208409506399,-0.5639853747714808,-0.5901189387008234,-0.5626333434928376,0.023001734052214735,29
108,4.04713773727417,0.1922573912608574,0.27851096789042157,0.07838868276696095,relu,0,0.1,3,0,0.001,1e-05,0,0,0,12,11,10,"{'act': 'relu', 'decay': 0, 'dropout': 0.1, 'epochs': 3, 'l1': 0, 'l2': 0.001, 'lr': 1e-05, 'nl1': 0, 'nl2': 0, 'nl3': 0, 'nn1': 12, 'nn2': 11, 'nn3': 10}",-1.8811700182815356,-2.851005484460695,-2.667886550777676,-2.466626028649802,0.4207679137759727,127
109,4.081861257553101,0.1436718902684867,0.24331585566202799,0.06632605711323843,relu,0,0.1,3,0,0.001,1e-05,0,0,0,12,8,10,"{'act': 'relu', 'decay': 0, 'dropout': 0.1, 'epochs': 3, 'l1': 0, 'l2': 0.001, 'lr': 1e-05, 'nl1': 0, 'nl2': 0, 'nl3': 0, 'nn1': 12, 'nn2': 8, 'nn3': 10}",-1.5457038391224862,-1.0923217550274222,-3.040256175663312,-1.8924108503505028,0.8321309606822351,114
110,5.559064626693726,0.3040110817201981,0.27446508407592773,0.022204478265017785,relu,0,0.1,3,0,0.001,1e-05,0,1,0,12,11,10,"{'act': 'relu', 'decay': 0, 'dropout': 0.1, 'epochs': 3, 'l1': 0, 'l2': 0.001, 'lr': 1e-05, 'nl1': 0, 'nl2': 1, 'nl3': 0, 'nn1': 12, 'nn2': 11, 'nn3': 10}",-0.9616087751371115,-0.886654478976234,-0.6797804208600183,-0.842730874733313,0.11916766623877945,65
111,5.548517465591431,0.21171141797649154,0.30046971638997394,0.06674892040730493,relu,0,0.1,3,0,0.001,1e-05,0,1,0,12,8,10,"{'act': 'relu', 'decay': 0, 'dropout': 0.1, 'epochs': 3, 'l1': 0, 'l2': 0.001, 'lr': 1e-05, 'nl1': 0, 'nl2': 1, 'nl3': 0, 'nn1': 12, 'nn2': 8, 'nn3': 10}",-1.2093235831809872,-1.886654478976234,-2.0448307410795974,-1.713501981103322,0.3623884135837273,100
112,4.1334913571675616,0.13553540639670453,0.2513679663340251,0.11146830816951155,relu,0,0.1,3,0.001,0,0.01,0,0,0,12,11,10,"{'act': 'relu', 'decay': 0, 'dropout': 0.1, 'epochs': 3, 'l1': 0.001, 'l2': 0, 'lr': 0.01, 'nl1': 0, 'nl2': 0, 'nl3': 0, 'nn1': 12, 'nn2': 11, 'nn3': 10}",-0.5521023765996343,-0.5603290676416819,-0.5910338517840805,-0.5678146906430966,0.01675116407912733,36
113,4.297603368759155,0.30585897765813175,0.28004805246988934,0.061515538784157955,relu,0,0.1,3,0.001,0,0.01,0,0,0,12,8,10,"{'act': 'relu', 'decay': 0, 'dropout': 0.1, 'epochs': 3, 'l1': 0.001, 'l2': 0, 'lr': 0.01, 'nl1': 0, 'nl2': 0, 'nl3': 0, 'nn1': 12, 'nn2': 8, 'nn3': 10}",-0.5457038391224863,-0.5447897623400365,-0.5864592863677951,-0.5589759219750077,0.019428374621633045,19
114,5.587803999582927,0.3839227321286717,0.3527168432871501,0.07518904475039588,relu,0,0.1,3,0.001,0,0.01,0,1,0,12,11,10,"{'act': 'relu', 'decay': 0, 'dropout': 0.1, 'epochs': 3, 'l1': 0.001, 'l2': 0, 'lr': 0.01, 'nl1': 0, 'nl2': 1, 'nl3': 0, 'nn1': 12, 'nn2': 11, 'nn3': 10}",-0.5603290676416819,-0.6380255941499086,-0.5727355901189387,-0.5903687900030479,0.034084519253911066,61
115,5.776516437530518,0.343265235328253,0.324413537979126,0.04346843648106803,relu,0,0.1,3,0.001,0,0.01,0,1,0,12,8,10,"{'act': 'relu', 'decay': 0, 'dropout': 0.1, 'epochs': 3, 'l1': 0.001, 'l2': 0, 'lr': 0.01, 'nl1': 0, 'nl2': 1, 'nl3': 0, 'nn1': 12, 'nn2': 8, 'nn3': 10}",-0.5383912248628885,-0.5648994515539305,-0.5873741994510522,-0.563547698872295,0.020018532538833518,31
116,4.177388747533162,0.01963277421885266,0.20760305722554526,0.04328796884772771,relu,0,0.1,3,0.001,0,1e-05,0,0,0,12,11,10,"{'act': 'relu', 'decay': 0, 'dropout': 0.1, 'epochs': 3, 'l1': 0.001, 'l2': 0, 'lr': 1e-05, 'nl1': 0, 'nl2': 0, 'nl3': 0, 'nn1': 12, 'nn2': 11, 'nn3': 10}",-0.6480804387568556,-2.139853747714808,-2.7602927721866424,-1.8491313623895154,0.8864192549606743,111
117,4.627571185429891,0.21205938705283525,0.3954198360443115,0.07688492813391187,relu,0,0.1,3,0.001,0,1e-05,0,0,0,12,8,10,"{'act': 'relu', 'decay': 0, 'dropout': 0.1, 'epochs': 3, 'l1': 0.001, 'l2': 0, 'lr': 1e-05, 'nl1': 0, 'nl2': 0, 'nl3': 0, 'nn1': 12, 'nn2': 8, 'nn3': 10}",-1.8747714808043876,-2.1572212065813527,-2.7950594693504116,-2.275525754343188,0.38488263057405375,125
118,5.75372036298116,0.36924284021210596,0.2911840279897054,0.04760361181733941,relu,0,0.1,3,0.001,0,1e-05,0,1,0,12,11,10,"{'act': 'relu', 'decay': 0, 'dropout': 0.1, 'epochs': 3, 'l1': 0.001, 'l2': 0, 'lr': 1e-05, 'nl1': 0, 'nl2': 1, 'nl3': 0, 'nn1': 12, 'nn2': 11, 'nn3': 10}",-2.395795246800731,-2.8775137111517366,-1.344922232387923,-2.2063395306309053,0.6398187043067993,124
119,5.600051244099935,0.18055153894844664,0.3442605336507161,0.05634074618196213,relu,0,0.1,3,0.001,0,1e-05,0,1,0,12,8,10,"{'act': 'relu', 'decay': 0, 'dropout': 0.1, 'epochs': 3, 'l1': 0.001, 'l2': 0, 'lr': 1e-05, 'nl1': 0, 'nl2': 1, 'nl3': 0, 'nn1': 12, 'nn2': 8, 'nn3': 10}",-1.7623400365630713,-1.0694698354661791,-1.5773101555352242,-1.4696738799146603,0.2929563012597792,86
120,4.724199612935384,0.2639318924840432,0.36678020159403485,0.06220011789612912,relu,0,0.1,3,0.001,0.001,0.01,0,0,0,12,11,10,"{'act': 'relu', 'decay': 0, 'dropout': 0.1, 'epochs': 3, 'l1': 0.001, 'l2': 0.001, 'lr': 0.01, 'nl1': 0, 'nl2': 0, 'nl3': 0, 'nn1': 12, 'nn2': 11, 'nn3': 10}",-0.5438756855575868,-0.5594149908592322,-0.5809698078682525,-0.5614142029868943,0.015208330854117673,26
121,4.711146434148152,0.34013677550432936,0.2786233425140381,0.07685522433474085,relu,0,0.1,3,0.001,0.001,0.01,0,0,0,12,8,10,"{'act': 'relu', 'decay': 0, 'dropout': 0.1, 'epochs': 3, 'l1': 0.001, 'l2': 0.001, 'lr': 0.01, 'nl1': 0, 'nl2': 0, 'nl3': 0, 'nn1': 12, 'nn2': 8, 'nn3': 10}",-0.576782449725777,-0.5877513711151737,-0.5910338517840805,-0.5851874428527888,0.006093735427050221,59
122,6.661617835362752,0.3429976358676037,0.2439126173655192,0.10041963748623822,relu,0,0.1,3,0.001,0.001,0.01,0,1,0,12,11,10,"{'act': 'relu', 'decay': 0, 'dropout': 0.1, 'epochs': 3, 'l1': 0.001, 'l2': 0.001, 'lr': 0.01, 'nl1': 0, 'nl2': 1, 'nl3': 0, 'nn1': 12, 'nn2': 11, 'nn3': 10}",-0.5393053016453382,-0.6060329067641682,-0.6084172003659652,-0.5845778725998171,0.03203464936953107,57
123,7.2361423174540205,0.8598336352986236,0.29280662536621094,0.06893637446584203,relu,0,0.1,3,0.001,0.001,0.01,0,1,0,12,8,10,"{'act': 'relu', 'decay': 0, 'dropout': 0.1, 'epochs': 3, 'l1': 0.001, 'l2': 0.001, 'lr': 0.01, 'nl1': 0, 'nl2': 1, 'nl3': 0, 'nn1': 12, 'nn2': 8, 'nn3': 10}",-0.5813528336380256,-0.6051188299817185,-0.5928636779505947,-0.5931118561414203,0.00970549105810041,63
124,5.897911389668782,0.8758541428794056,0.31049172083536786,0.034438160078597665,relu,0,0.1,3,0.001,0.001,1e-05,0,0,0,12,11,10,"{'act': 'relu', 'decay': 0, 'dropout': 0.1, 'epochs': 3, 'l1': 0.001, 'l2': 0.001, 'lr': 1e-05, 'nl1': 0, 'nl2': 0, 'nl3': 0, 'nn1': 12, 'nn2': 11, 'nn3': 10}",-1.4917733089579526,-0.993601462522852,-2.8554437328453797,-1.7799451386772325,0.7868895069220108,105
125,5.118863662083943,0.59276256510451,0.32194066047668457,0.022373179313496663,relu,0,0.1,3,0.001,0.001,1e-05,0,0,0,12,8,10,"{'act': 'relu', 'decay': 0, 'dropout': 0.1, 'epochs': 3, 'l1': 0.001, 'l2': 0.001, 'lr': 1e-05, 'nl1': 0, 'nl2': 0, 'nl3': 0, 'nn1': 12, 'nn2': 8, 'nn3': 10}",-0.9497257769652651,-1.603290676416819,-1.7127172918572735,-1.4218226150563853,0.33687395221842875,83
126,5.66071343421936,0.1451464769617354,0.3074711163838704,0.05478118808322987,relu,0,0.1,3,0.001,0.001,1e-05,0,1,0,12,11,10,"{'act': 'relu', 'decay': 0, 'dropout': 0.1, 'epochs': 3, 'l1': 0.001, 'l2': 0.001, 'lr': 1e-05, 'nl1': 0, 'nl2': 1, 'nl3': 0, 'nn1': 12, 'nn2': 11, 'nn3': 10}",-2.8619744058500913,-1.5603290676416819,-3.0448307410795974,-2.4888753428832673,0.6609599844461471,128
127,11.647858699162802,4.435956005013076,0.40204723676045734,0.11160059322814599,relu,0,0.1,3,0.001,0.001,1e-05,0,1,0,12,8,10,"{'act': 'relu', 'decay': 0, 'dropout': 0.1, 'epochs': 3, 'l1': 0.001, 'l2': 0.001, 'lr': 1e-05, 'nl1': 0, 'nl2': 1, 'nl3': 0, 'nn1': 12, 'nn2': 8, 'nn3': 10}",-1.1718464351005484,-1.329981718464351,-1.8911253430924062,-1.4641877476379153,0.308583235337502,85
